v2,Raw_Mean,Filtered_Mean,Bias_Increase_Percent
0.0,2.84425,2.746210141139571,1736.7879215378548
0.25,3.0632,3.256836578429228,86.44027724377085
0.5,3.34905,3.4788160185722576,25.451205054592123
0.75,3.6377,3.7093626418776644,8.974523047827507
